{
  "pipelineConfig" : {
    "schemaVersion" : 4,
    "version" : 7,
    "pipelineId" : "testrabbitmqe672ea8c-10f6-43fe-b53d-9cbe004fb652",
    "title" : "test-rabbitmq",
    "description" : "",
    "uuid" : "46863cb8-e8a1-4c4a-9935-1b2a9a040665",
    "configuration" : [ {
      "name" : "executionMode",
      "value" : "STANDALONE"
    }, {
      "name" : "deliveryGuarantee",
      "value" : "AT_LEAST_ONCE"
    }, {
      "name" : "startEventStage",
      "value" : "streamsets-datacollector-basic-lib::com_streamsets_pipeline_stage_destination_devnull_ToErrorNullDTarget::1"
    }, {
      "name" : "stopEventStage",
      "value" : "streamsets-datacollector-basic-lib::com_streamsets_pipeline_stage_destination_devnull_ToErrorNullDTarget::1"
    }, {
      "name" : "shouldRetry",
      "value" : true
    }, {
      "name" : "retryAttempts",
      "value" : -1
    }, {
      "name" : "memoryLimit",
      "value" : "${jvm:maxMemoryMB() * 0.65}"
    }, {
      "name" : "memoryLimitExceeded",
      "value" : "STOP_PIPELINE"
    }, {
      "name" : "notifyOnStates",
      "value" : [ "RUN_ERROR", "STOPPED", "FINISHED" ]
    }, {
      "name" : "emailIDs",
      "value" : [ ]
    }, {
      "name" : "constants",
      "value" : [ ]
    }, {
      "name" : "badRecordsHandling",
      "value" : "streamsets-datacollector-basic-lib::com_streamsets_pipeline_stage_destination_devnull_ToErrorNullDTarget::1"
    }, {
      "name" : "errorRecordPolicy",
      "value" : "ORIGINAL_RECORD"
    }, {
      "name" : "workerCount",
      "value" : 0
    }, {
      "name" : "clusterSlaveMemory",
      "value" : 1024
    }, {
      "name" : "clusterSlaveJavaOpts",
      "value" : "-XX:+UseConcMarkSweepGC -XX:+UseParNewGC -Dlog4j.debug"
    }, {
      "name" : "clusterLauncherEnv",
      "value" : [ ]
    }, {
      "name" : "mesosDispatcherURL",
      "value" : null
    }, {
      "name" : "hdfsS3ConfDir",
      "value" : null
    }, {
      "name" : "rateLimit",
      "value" : 0
    }, {
      "name" : "maxRunners",
      "value" : 0
    }, {
      "name" : "webhookConfigs",
      "value" : [ ]
    }, {
      "name" : "sparkConfigs",
      "value" : [ ]
    }, {
      "name" : "statsAggregatorStage",
      "value" : "streamsets-datacollector-basic-lib::com_streamsets_pipeline_stage_destination_devnull_StatsDpmDirectlyDTarget::1"
    } ],
    "uiInfo" : {
      "previewConfig" : {
        "previewSource" : "CONFIGURED_SOURCE",
        "batchSize" : 10,
        "timeout" : 10000,
        "writeToDestinations" : false,
        "executeLifecycleEvents" : false,
        "showHeader" : false,
        "showFieldType" : true,
        "rememberMe" : false
      }
    },
    "stages" : [ {
      "instanceName" : "RabbitMQConsumer_01",
      "library" : "streamsets-datacollector-rabbitmq-lib",
      "stageName" : "com_streamsets_pipeline_stage_origin_rabbitmq_RabbitDSource",
      "stageVersion" : "3",
      "configuration" : [ {
        "name" : "conf.consumerTag",
        "value" : null
      }, {
        "name" : "conf.produceSingleRecordPerMessage",
        "value" : false
      }, {
        "name" : "conf.basicConfig.maxBatchSize",
        "value" : 1000
      }, {
        "name" : "conf.basicConfig.maxWaitTime",
        "value" : 2000
      }, {
        "name" : "conf.dataFormat",
        "value" : "TEXT"
      }, {
        "name" : "conf.dataFormatConfig.filePatternInArchive",
        "value" : "*"
      }, {
        "name" : "conf.dataFormatConfig.charset",
        "value" : "UTF-8"
      }, {
        "name" : "conf.dataFormatConfig.removeCtrlChars",
        "value" : false
      }, {
        "name" : "conf.dataFormatConfig.textMaxLineLen",
        "value" : 1024
      }, {
        "name" : "conf.dataFormatConfig.useCustomDelimiter",
        "value" : false
      }, {
        "name" : "conf.dataFormatConfig.customDelimiter",
        "value" : "\\r\\n"
      }, {
        "name" : "conf.dataFormatConfig.includeCustomDelimiterInTheText",
        "value" : false
      }, {
        "name" : "conf.dataFormatConfig.jsonContent",
        "value" : "MULTIPLE_OBJECTS"
      }, {
        "name" : "conf.dataFormatConfig.jsonMaxObjectLen",
        "value" : 4096
      }, {
        "name" : "conf.dataFormatConfig.csvFileFormat",
        "value" : "CSV"
      }, {
        "name" : "conf.dataFormatConfig.csvHeader",
        "value" : "NO_HEADER"
      }, {
        "name" : "conf.dataFormatConfig.csvMaxObjectLen",
        "value" : 1024
      }, {
        "name" : "conf.dataFormatConfig.csvAllowExtraColumns",
        "value" : false
      }, {
        "name" : "conf.dataFormatConfig.csvExtraColumnPrefix",
        "value" : "_extra_"
      }, {
        "name" : "conf.dataFormatConfig.csvCustomDelimiter",
        "value" : "|"
      }, {
        "name" : "conf.dataFormatConfig.csvCustomEscape",
        "value" : "\\"
      }, {
        "name" : "conf.dataFormatConfig.csvCustomQuote",
        "value" : "\""
      }, {
        "name" : "conf.dataFormatConfig.csvEnableComments",
        "value" : false
      }, {
        "name" : "conf.dataFormatConfig.csvCommentMarker",
        "value" : "#"
      }, {
        "name" : "conf.dataFormatConfig.csvIgnoreEmptyLines",
        "value" : true
      }, {
        "name" : "conf.dataFormatConfig.csvRecordType",
        "value" : "LIST_MAP"
      }, {
        "name" : "conf.dataFormatConfig.csvSkipStartLines",
        "value" : 0
      }, {
        "name" : "conf.dataFormatConfig.parseNull",
        "value" : false
      }, {
        "name" : "conf.dataFormatConfig.nullConstant",
        "value" : "\\\\N"
      }, {
        "name" : "conf.dataFormatConfig.xmlRecordElement",
        "value" : null
      }, {
        "name" : "conf.dataFormatConfig.includeFieldXpathAttributes",
        "value" : false
      }, {
        "name" : "conf.dataFormatConfig.xPathNamespaceContext",
        "value" : [ ]
      }, {
        "name" : "conf.dataFormatConfig.outputFieldAttributes",
        "value" : false
      }, {
        "name" : "conf.dataFormatConfig.xmlMaxObjectLen",
        "value" : 4096
      }, {
        "name" : "conf.dataFormatConfig.logMode",
        "value" : "COMMON_LOG_FORMAT"
      }, {
        "name" : "conf.dataFormatConfig.logMaxObjectLen",
        "value" : 1024
      }, {
        "name" : "conf.dataFormatConfig.retainOriginalLine",
        "value" : false
      }, {
        "name" : "conf.dataFormatConfig.customLogFormat",
        "value" : "%h %l %u %t \"%r\" %>s %b"
      }, {
        "name" : "conf.dataFormatConfig.regex",
        "value" : "^(\\S+) (\\S+) (\\S+) \\[([\\w:/]+\\s[+\\-]\\d{4})\\] \"(\\S+) (\\S+) (\\S+)\" (\\d{3}) (\\d+)"
      }, {
        "name" : "conf.dataFormatConfig.fieldPathsToGroupName",
        "value" : [ {
          "fieldPath" : "/",
          "group" : 1
        } ]
      }, {
        "name" : "conf.dataFormatConfig.grokPatternDefinition",
        "value" : null
      }, {
        "name" : "conf.dataFormatConfig.grokPattern",
        "value" : "%{COMMONAPACHELOG}"
      }, {
        "name" : "conf.dataFormatConfig.onParseError",
        "value" : "ERROR"
      }, {
        "name" : "conf.dataFormatConfig.maxStackTraceLines",
        "value" : 50
      }, {
        "name" : "conf.dataFormatConfig.enableLog4jCustomLogFormat",
        "value" : false
      }, {
        "name" : "conf.dataFormatConfig.log4jCustomLogFormat",
        "value" : "%r [%t] %-5p %c %x - %m%n"
      }, {
        "name" : "conf.dataFormatConfig.avroSchemaSource",
        "value" : null
      }, {
        "name" : "conf.dataFormatConfig.avroSchema",
        "value" : null
      }, {
        "name" : "conf.dataFormatConfig.schemaRegistryUrls",
        "value" : [ ]
      }, {
        "name" : "conf.dataFormatConfig.schemaLookupMode",
        "value" : "SUBJECT"
      }, {
        "name" : "conf.dataFormatConfig.subject",
        "value" : null
      }, {
        "name" : "conf.dataFormatConfig.schemaId",
        "value" : null
      }, {
        "name" : "conf.dataFormatConfig.protoDescriptorFile",
        "value" : null
      }, {
        "name" : "conf.dataFormatConfig.messageType",
        "value" : null
      }, {
        "name" : "conf.dataFormatConfig.isDelimited",
        "value" : true
      }, {
        "name" : "conf.dataFormatConfig.binaryMaxObjectLen",
        "value" : 1024
      }, {
        "name" : "conf.dataFormatConfig.datagramMode",
        "value" : "SYSLOG"
      }, {
        "name" : "conf.dataFormatConfig.typesDbPath",
        "value" : null
      }, {
        "name" : "conf.dataFormatConfig.convertTime",
        "value" : false
      }, {
        "name" : "conf.dataFormatConfig.excludeInterval",
        "value" : true
      }, {
        "name" : "conf.dataFormatConfig.authFilePath",
        "value" : null
      }, {
        "name" : "conf.dataFormatConfig.wholeFileMaxObjectLen",
        "value" : 8192
      }, {
        "name" : "conf.dataFormatConfig.rateLimit",
        "value" : "-1"
      }, {
        "name" : "conf.dataFormatConfig.verifyChecksum",
        "value" : false
      }, {
        "name" : "conf.uri",
        "value" : "amqp://rabbitmq:rabbitmq@172.16.21.151:5672"
      }, {
        "name" : "conf.queue.name",
        "value" : "hello"
      }, {
        "name" : "conf.queue.durable",
        "value" : false
      }, {
        "name" : "conf.queue.exclusive",
        "value" : false
      }, {
        "name" : "conf.queue.autoDelete",
        "value" : false
      }, {
        "name" : "conf.queue.properties",
        "value" : [ ]
      }, {
        "name" : "conf.exchanges",
        "value" : [ ]
      }, {
        "name" : "conf.credentialsConfig.useCredentials",
        "value" : true
      }, {
        "name" : "conf.credentialsConfig.username",
        "value" : "rabbitmq"
      }, {
        "name" : "conf.credentialsConfig.password",
        "value" : "rabbitmq"
      }, {
        "name" : "conf.rabbitmqProperties",
        "value" : [ ]
      }, {
        "name" : "conf.advanced.automaticRecoveryEnabled",
        "value" : true
      }, {
        "name" : "conf.advanced.networkRecoveryInterval",
        "value" : 5000
      }, {
        "name" : "conf.advanced.connectionTimeout",
        "value" : 0
      }, {
        "name" : "conf.advanced.handshakeTimeout",
        "value" : 10000
      }, {
        "name" : "conf.advanced.shutdownTimeout",
        "value" : 10000
      }, {
        "name" : "conf.advanced.heartbeatInterval",
        "value" : 0
      }, {
        "name" : "conf.advanced.frameMax",
        "value" : 0
      }, {
        "name" : "conf.advanced.channelMax",
        "value" : 0
      }, {
        "name" : "stageOnRecordError",
        "value" : "TO_ERROR"
      } ],
      "uiInfo" : {
        "description" : "",
        "label" : "RabbitMQ Consumer 1",
        "xPos" : 319,
        "yPos" : 166,
        "stageType" : "SOURCE"
      },
      "inputLanes" : [ ],
      "outputLanes" : [ "RabbitMQConsumer_01OutputLane15126324783670" ],
      "eventLanes" : [ ]
    }, {
      "instanceName" : "AmazonS3_01",
      "library" : "streamsets-datacollector-aws-lib",
      "stageName" : "com_streamsets_pipeline_stage_destination_s3_AmazonS3DTarget",
      "stageVersion" : "10",
      "configuration" : [ {
        "name" : "s3TargetConfigBean.s3Config.bucketTemplate",
        "value" : "streamsets-kinesis-test"
      }, {
        "name" : "s3TargetConfigBean.s3Config.awsConfig.awsAccessKeyId",
        "value" : ""
      }, {
        "name" : "s3TargetConfigBean.s3Config.awsConfig.awsSecretAccessKey",
        "value" : ""
      }, {
        "name" : "s3TargetConfigBean.s3Config.region",
        "value" : "AP_SOUTHEAST_1"
      }, {
        "name" : "s3TargetConfigBean.s3Config.endpoint",
        "value" : null
      }, {
        "name" : "s3TargetConfigBean.s3Config.commonPrefix",
        "value" : null
      }, {
        "name" : "s3TargetConfigBean.s3Config.delimiter",
        "value" : "/"
      }, {
        "name" : "s3TargetConfigBean.sseConfig.useSSE",
        "value" : false
      }, {
        "name" : "s3TargetConfigBean.sseConfig.encryption",
        "value" : "S3"
      }, {
        "name" : "s3TargetConfigBean.sseConfig.kmsKeyId",
        "value" : null
      }, {
        "name" : "s3TargetConfigBean.sseConfig.encryptionContext",
        "value" : [ ]
      }, {
        "name" : "s3TargetConfigBean.sseConfig.customerKey",
        "value" : null
      }, {
        "name" : "s3TargetConfigBean.sseConfig.customerKeyMd5",
        "value" : null
      }, {
        "name" : "s3TargetConfigBean.proxyConfig.connectionTimeout",
        "value" : 50
      }, {
        "name" : "s3TargetConfigBean.proxyConfig.useProxy",
        "value" : false
      }, {
        "name" : "s3TargetConfigBean.proxyConfig.proxyHost",
        "value" : null
      }, {
        "name" : "s3TargetConfigBean.proxyConfig.proxyPort",
        "value" : null
      }, {
        "name" : "s3TargetConfigBean.proxyConfig.proxyUser",
        "value" : null
      }, {
        "name" : "s3TargetConfigBean.proxyConfig.proxyPassword",
        "value" : null
      }, {
        "name" : "s3TargetConfigBean.tmConfig.threadPoolSize",
        "value" : 10
      }, {
        "name" : "s3TargetConfigBean.tmConfig.multipartUploadThreshold",
        "value" : 268435456
      }, {
        "name" : "s3TargetConfigBean.tmConfig.minimumUploadPartSize",
        "value" : 5242880
      }, {
        "name" : "s3TargetConfigBean.partitionTemplate",
        "value" : "data/${YYYY()}-${MM()}-${DD()}"
      }, {
        "name" : "s3TargetConfigBean.timeZoneID",
        "value" : "UTC"
      }, {
        "name" : "s3TargetConfigBean.timeDriverTemplate",
        "value" : "${time:now()}"
      }, {
        "name" : "s3TargetConfigBean.fileNamePrefix",
        "value" : "sdc"
      }, {
        "name" : "s3TargetConfigBean.fileNameSuffix",
        "value" : null
      }, {
        "name" : "s3TargetConfigBean.dataFormat",
        "value" : "TEXT"
      }, {
        "name" : "s3TargetConfigBean.compress",
        "value" : false
      }, {
        "name" : "s3TargetConfigBean.dataGeneratorFormatConfig.charset",
        "value" : "UTF-8"
      }, {
        "name" : "s3TargetConfigBean.dataGeneratorFormatConfig.csvFileFormat",
        "value" : "CSV"
      }, {
        "name" : "s3TargetConfigBean.dataGeneratorFormatConfig.csvHeader",
        "value" : "NO_HEADER"
      }, {
        "name" : "s3TargetConfigBean.dataGeneratorFormatConfig.csvReplaceNewLines",
        "value" : true
      }, {
        "name" : "s3TargetConfigBean.dataGeneratorFormatConfig.csvReplaceNewLinesString",
        "value" : " "
      }, {
        "name" : "s3TargetConfigBean.dataGeneratorFormatConfig.csvCustomDelimiter",
        "value" : "|"
      }, {
        "name" : "s3TargetConfigBean.dataGeneratorFormatConfig.csvCustomEscape",
        "value" : "\\"
      }, {
        "name" : "s3TargetConfigBean.dataGeneratorFormatConfig.csvCustomQuote",
        "value" : "\""
      }, {
        "name" : "s3TargetConfigBean.dataGeneratorFormatConfig.jsonMode",
        "value" : "MULTIPLE_OBJECTS"
      }, {
        "name" : "s3TargetConfigBean.dataGeneratorFormatConfig.textFieldPath",
        "value" : "/text"
      }, {
        "name" : "s3TargetConfigBean.dataGeneratorFormatConfig.textRecordSeparator",
        "value" : "\\n"
      }, {
        "name" : "s3TargetConfigBean.dataGeneratorFormatConfig.textFieldMissingAction",
        "value" : "ERROR"
      }, {
        "name" : "s3TargetConfigBean.dataGeneratorFormatConfig.textEmptyLineIfNull",
        "value" : false
      }, {
        "name" : "s3TargetConfigBean.dataGeneratorFormatConfig.avroSchemaSource",
        "value" : null
      }, {
        "name" : "s3TargetConfigBean.dataGeneratorFormatConfig.avroSchema",
        "value" : null
      }, {
        "name" : "s3TargetConfigBean.dataGeneratorFormatConfig.registerSchema",
        "value" : false
      }, {
        "name" : "s3TargetConfigBean.dataGeneratorFormatConfig.schemaRegistryUrlsForRegistration",
        "value" : [ ]
      }, {
        "name" : "s3TargetConfigBean.dataGeneratorFormatConfig.schemaRegistryUrls",
        "value" : [ ]
      }, {
        "name" : "s3TargetConfigBean.dataGeneratorFormatConfig.schemaLookupMode",
        "value" : "SUBJECT"
      }, {
        "name" : "s3TargetConfigBean.dataGeneratorFormatConfig.subject",
        "value" : null
      }, {
        "name" : "s3TargetConfigBean.dataGeneratorFormatConfig.subjectToRegister",
        "value" : null
      }, {
        "name" : "s3TargetConfigBean.dataGeneratorFormatConfig.schemaId",
        "value" : null
      }, {
        "name" : "s3TargetConfigBean.dataGeneratorFormatConfig.avroCompression",
        "value" : "NULL"
      }, {
        "name" : "s3TargetConfigBean.dataGeneratorFormatConfig.binaryFieldPath",
        "value" : "/"
      }, {
        "name" : "s3TargetConfigBean.dataGeneratorFormatConfig.protoDescriptorFile",
        "value" : null
      }, {
        "name" : "s3TargetConfigBean.dataGeneratorFormatConfig.messageType",
        "value" : null
      }, {
        "name" : "s3TargetConfigBean.dataGeneratorFormatConfig.fileNameEL",
        "value" : null
      }, {
        "name" : "s3TargetConfigBean.dataGeneratorFormatConfig.wholeFileExistsAction",
        "value" : "TO_ERROR"
      }, {
        "name" : "s3TargetConfigBean.dataGeneratorFormatConfig.includeChecksumInTheEvents",
        "value" : false
      }, {
        "name" : "s3TargetConfigBean.dataGeneratorFormatConfig.checksumAlgorithm",
        "value" : "MD5"
      }, {
        "name" : "s3TargetConfigBean.dataGeneratorFormatConfig.xmlPrettyPrint",
        "value" : true
      }, {
        "name" : "s3TargetConfigBean.dataGeneratorFormatConfig.xmlValidateSchema",
        "value" : false
      }, {
        "name" : "s3TargetConfigBean.dataGeneratorFormatConfig.xmlSchema",
        "value" : null
      }, {
        "name" : "stageOnRecordError",
        "value" : "TO_ERROR"
      }, {
        "name" : "stageRequiredFields",
        "value" : [ ]
      }, {
        "name" : "stageRecordPreconditions",
        "value" : [ ]
      } ],
      "uiInfo" : {
        "description" : "",
        "label" : "Amazon S3 1",
        "xPos" : 538,
        "yPos" : 166,
        "stageType" : "TARGET"
      },
      "inputLanes" : [ "RabbitMQConsumer_01OutputLane15126324783670" ],
      "outputLanes" : [ ],
      "eventLanes" : [ ]
    } ],
    "errorStage" : {
      "instanceName" : "Discard_ErrorStage",
      "library" : "streamsets-datacollector-basic-lib",
      "stageName" : "com_streamsets_pipeline_stage_destination_devnull_ToErrorNullDTarget",
      "stageVersion" : "1",
      "configuration" : [ ],
      "uiInfo" : {
        "description" : "",
        "label" : "Error Records - Discard",
        "xPos" : 551,
        "yPos" : 50,
        "stageType" : "TARGET"
      },
      "inputLanes" : [ ],
      "outputLanes" : [ ],
      "eventLanes" : [ ]
    },
    "info" : {
      "pipelineId" : "testrabbitmqe672ea8c-10f6-43fe-b53d-9cbe004fb652",
      "title" : "test-rabbitmq",
      "description" : "",
      "created" : 1512632178383,
      "lastModified" : 1512639594141,
      "creator" : "admin",
      "lastModifier" : "admin",
      "lastRev" : "0",
      "uuid" : "46863cb8-e8a1-4c4a-9935-1b2a9a040665",
      "valid" : true,
      "metadata" : {
        "labels" : [ ]
      },
      "name" : "testrabbitmqe672ea8c-10f6-43fe-b53d-9cbe004fb652",
      "sdcVersion" : "2.7.1.1",
      "sdcId" : "3f749c6e-db21-11e7-89dd-6bd874a6ccf6"
    },
    "metadata" : {
      "labels" : [ ]
    },
    "statsAggregatorStage" : {
      "instanceName" : "WritetoDPMdirectly_StatsAggregatorStage",
      "library" : "streamsets-datacollector-basic-lib",
      "stageName" : "com_streamsets_pipeline_stage_destination_devnull_StatsDpmDirectlyDTarget",
      "stageVersion" : "1",
      "configuration" : [ ],
      "uiInfo" : {
        "description" : "",
        "label" : "Stats Aggregator - Write to DPM directly",
        "xPos" : 280,
        "yPos" : 50,
        "stageType" : "TARGET"
      },
      "inputLanes" : [ ],
      "outputLanes" : [ ],
      "eventLanes" : [ ]
    },
    "startEventStages" : [ {
      "instanceName" : "Discard_StartEventStage",
      "library" : "streamsets-datacollector-basic-lib",
      "stageName" : "com_streamsets_pipeline_stage_destination_devnull_ToErrorNullDTarget",
      "stageVersion" : "1",
      "configuration" : [ ],
      "uiInfo" : {
        "description" : "",
        "label" : "Start Event - Discard",
        "xPos" : 280,
        "yPos" : 50,
        "stageType" : "TARGET"
      },
      "inputLanes" : [ ],
      "outputLanes" : [ ],
      "eventLanes" : [ ]
    } ],
    "stopEventStages" : [ {
      "instanceName" : "Discard_StopEventStage",
      "library" : "streamsets-datacollector-basic-lib",
      "stageName" : "com_streamsets_pipeline_stage_destination_devnull_ToErrorNullDTarget",
      "stageVersion" : "1",
      "configuration" : [ ],
      "uiInfo" : {
        "description" : "",
        "label" : "Stop Event - Discard",
        "xPos" : 280,
        "yPos" : 50,
        "stageType" : "TARGET"
      },
      "inputLanes" : [ ],
      "outputLanes" : [ ],
      "eventLanes" : [ ]
    } ],
    "valid" : true,
    "issues" : {
      "issueCount" : 0,
      "pipelineIssues" : [ ],
      "stageIssues" : { }
    },
    "previewable" : false
  },
  "pipelineRules" : {
    "schemaVersion" : 3,
    "version" : 2,
    "metricsRuleDefinitions" : [ {
      "id" : "badRecordsAlertID",
      "alertText" : "High incidence of Error Records",
      "metricId" : "pipeline.batchErrorRecords.counter",
      "metricType" : "COUNTER",
      "metricElement" : "COUNTER_COUNT",
      "condition" : "${value() > 100}",
      "sendEmail" : false,
      "enabled" : false,
      "timestamp" : 1512632178500,
      "valid" : true
    }, {
      "id" : "stageErrorAlertID",
      "alertText" : "High incidence of Stage Errors",
      "metricId" : "pipeline.batchErrorMessages.counter",
      "metricType" : "COUNTER",
      "metricElement" : "COUNTER_COUNT",
      "condition" : "${value() > 100}",
      "sendEmail" : false,
      "enabled" : false,
      "timestamp" : 1512632178500,
      "valid" : true
    }, {
      "id" : "idleGaugeID",
      "alertText" : "Pipeline is Idle",
      "metricId" : "RuntimeStatsGauge.gauge",
      "metricType" : "GAUGE",
      "metricElement" : "TIME_OF_LAST_RECEIVED_RECORD",
      "condition" : "${time:now() - value() > 120000}",
      "sendEmail" : false,
      "enabled" : false,
      "timestamp" : 1512632178500,
      "valid" : true
    }, {
      "id" : "batchTimeAlertID",
      "alertText" : "Batch taking more time to process",
      "metricId" : "RuntimeStatsGauge.gauge",
      "metricType" : "GAUGE",
      "metricElement" : "CURRENT_BATCH_AGE",
      "condition" : "${value() > 200}",
      "sendEmail" : false,
      "enabled" : false,
      "timestamp" : 1512632178500,
      "valid" : true
    }, {
      "id" : "memoryLimitAlertID",
      "alertText" : "Memory limit for pipeline exceeded",
      "metricId" : "pipeline.memoryConsumed.counter",
      "metricType" : "COUNTER",
      "metricElement" : "COUNTER_COUNT",
      "condition" : "${value() > (jvm:maxMemoryMB() * 0.65)}",
      "sendEmail" : false,
      "enabled" : false,
      "timestamp" : 1512632178500,
      "valid" : true
    } ],
    "dataRuleDefinitions" : [ ],
    "driftRuleDefinitions" : [ ],
    "uuid" : "10e085f8-d0ac-4e6c-8423-79929ab4ba9b",
    "configuration" : [ {
      "name" : "emailIDs",
      "value" : [ ]
    }, {
      "name" : "webhookConfigs",
      "value" : [ ]
    } ],
    "ruleIssues" : [ ],
    "configIssues" : [ ]
  },
  "libraryDefinitions" : null
}